<?xml version="1.0" encoding="UTF-8"?>
<project-private xmlns="http://www.netbeans.org/ns/project-private/1">
    <editor-bookmarks xmlns="http://www.netbeans.org/ns/editor-bookmarks/2" lastBookmarkId="0"/>
    <open-files xmlns="http://www.netbeans.org/ns/projectui-open-files/2">
        <group>
            <file>file:/C:/Bayangkan%20Local%20disk%20D/Tugas/Tugas%20Prak/OOP/9/tugas9.oop/src/tugas9/oop/GuiMenuitem.java</file>
            <file>file:/C:/Bayangkan%20Local%20disk%20D/Tugas/Tugas%20Prak/OOP/9/tugas9.oop/src/tugas9/oop/Kategori.java</file>
            <file>file:/C:/Bayangkan%20Local%20disk%20D/Tugas/Tugas%20Prak/OOP/9/tugas9.oop/src/tugas9/oop/Menuitem.java</file>
            <file>file:/C:/Bayangkan%20Local%20disk%20D/Tugas/Tugas%20Prak/OOP/9/tugas9.oop/src/tugas9/oop/DeskripsiMenu.java</file>
            <file>file:/C:/Bayangkan%20Local%20disk%20D/Tugas/Tugas%20Prak/OOP/9/tugas9.oop/src/tugas9/oop/GUI_MenuUtama.java</file>
            <file>file:/C:/Bayangkan%20Local%20disk%20D/Tugas/Tugas%20Prak/OOP/9/tugas9.oop/src/tugas9/oop/HargaMenu.java</file>
            <file>file:/C:/Bayangkan%20Local%20disk%20D/Tugas/Tugas%20Prak/OOP/9/tugas9.oop/src/tugas9/oop/MenuPelanggan.java</file>
            <file>file:/C:/Bayangkan%20Local%20disk%20D/Tugas/Tugas%20Prak/OOP/9/tugas9.oop/src/tugas9/oop/Harga.java</file>
            <file>file:/C:/Bayangkan%20Local%20disk%20D/Tugas/Tugas%20Prak/OOP/9/tugas9.oop/src/tugas9/oop/Guikategori.java</file>
            <file>file:/C:/Bayangkan%20Local%20disk%20D/Tugas/Tugas%20Prak/OOP/9/tugas9.oop/src/tugas9/oop/Guipelanggan.java</file>
        </group>
    </open-files>
</project-private>
